{"cameraMode":{"drawMode":0,"name":"Shaded","section":"Shading Mode"},"sceneLighting":true,"audioPlay":false,"sceneViewState":{"m_AlwaysRefresh":false,"showFog":true,"showSkybox":true,"showFlares":true,"showImageEffects":true,"showParticleSystems":true,"showVisualEffectGraphs":true,"m_FxEnabled":true},"in2DMode":false,"pivot":{"x":-8.169474601745606,"y":2.623415946960449,"z":14.672971725463868},"rotation":{"x":0.08530586957931519,"y":-0.8977130055427551,"z":0.20017985999584199,"w":0.38360410928726199},"size":114.84445190429688,"orthographic":false}