{"cameraMode":{"drawMode":0,"name":"Shaded","section":"Shading Mode"},"sceneLighting":true,"audioPlay":false,"sceneViewState":{"m_AlwaysRefresh":false,"showFog":true,"showSkybox":true,"showFlares":true,"showImageEffects":true,"showParticleSystems":true,"showVisualEffectGraphs":true,"m_FxEnabled":true},"in2DMode":false,"pivot":{"x":-0.41947460174560549,"y":7.123415946960449,"z":369.2529602050781},"rotation":{"x":0.06923742592334748,"y":-0.039285097271203998,"z":0.0023248023353517057,"w":0.9971325993537903},"size":31.201324462890626,"orthographic":false}