{"cameraMode":{"drawMode":0,"name":"Shaded","section":"Shading Mode"},"sceneLighting":true,"audioPlay":false,"sceneViewState":{"m_AlwaysRefresh":false,"showFog":true,"showSkybox":true,"showFlares":true,"showImageEffects":true,"showParticleSystems":true,"showVisualEffectGraphs":true,"m_FxEnabled":true},"in2DMode":false,"pivot":{"x":-0.41947460174560549,"y":7.123415946960449,"z":369.2529602050781},"rotation":{"x":-0.004741499200463295,"y":-0.8204387426376343,"z":-0.007291918154805899,"w":0.5721725821495056},"size":11.183135032653809,"orthographic":false}