{"cameraMode":{"drawMode":0,"name":"Shaded","section":"Shading Mode"},"sceneLighting":true,"audioPlay":false,"sceneViewState":{"m_AlwaysRefresh":false,"showFog":true,"showSkybox":true,"showFlares":true,"showImageEffects":true,"showParticleSystems":true,"showVisualEffectGraphs":true,"m_FxEnabled":true},"in2DMode":false,"pivot":{"x":106.06300354003906,"y":226.14942932128907,"z":-44.467445373535159},"rotation":{"x":-0.0975317507982254,"y":0.04983671382069588,"z":-0.004892033990472555,"w":-0.9939777851104736},"size":52.956138610839847,"orthographic":false}